title
1,NEMO MAXIME 
2,QUO QUIA 
3,ULLAM 
4,EST CORRUPTI 
5,OFFICIIS NATUS 
6,REPELLAT EA NON 
7,ARCHITECTO 
9,CORPORIS 
10,DOLOREM ITAQUE 
11,CUPIDITATE DELENITI 
12,DOLOREMQUE MINUS LABORUM 
13,SUSCIPIT COMMODI 
8,LIBERO FUGA QUIBUSDAM 
14,MINIMA 
15,CUPIDITATE ILLUM ENIM 
16,APERIAM EOS 
17,CORRUPTI MAGNI 
18,ET 
20,EOS 
21,UT MAXIME 
22,EXPEDITA SIT EIUS 
19,SINT CONSEQUATUR ASPERNATUR 
23,ET ET 
24,IN SINT APERIAM 
25,VOLUPTATUM TOTAM 
26,DOLORES ARCHITECTO FUGIAT 
27,QUIA PARIATUR 
28,ADIPISCI 
30,IPSUM 
31,ULLAM DOLORES 
29,CONSEQUATUR 
32,CONSEQUATUR AUT EXERCITATIONEM 
33,EST ATQUE 
34,CONSEQUATUR 
35,ET MINUS AUT 
36,ET ET SED 
37,CORRUPTI EXCEPTURI INCIDUNT 
38,SAPIENTE 
39,SEQUI UNDE IPSUM 
40,DISTINCTIO AUT 
41,AUT ET NATUS 
42,VOLUPTAS 
43,ET ERROR OCCAECATI 
44,ASSUMENDA IN BLANDITIIS 
45,QUI EIUS 
46,REPELLENDUS 
47,NULLA 
48,EXPLICABO 
49,SUSCIPIT 
50,QUIA ET 
51,EXPEDITA 
52,SIT 
53,ALIAS VOLUPTATEM VOLUPTATUM 
54,EOS VOLUPTATUM 
55,DUCIMUS QUIDEM NUMQUAM 
56,EAQUE OMNIS VEL 
57,SUSCIPIT UNDE 
58,EXCEPTURI VOLUPTATES AUT 
59,QUOS 
60,NAM SED EXCEPTURI 
61,NULLA IPSAM 
62,QUI CORPORIS 
63,IUSTO VEL ADIPISCI 
64,UT PARIATUR ADIPISCI 
65,FUGA 
66,IN 
67,REPELLAT SOLUTA ADIPISCI 
68,REPREHENDERIT 
69,RATIONE VERO SUNT 
70,EUM 
71,VERO 
72,ALIAS SUSCIPIT ALIQUID 
73,FACILIS ENIM CONSEQUATUR 
74,LAUDANTIUM 
75,NAM MAXIME ODIO 
76,DELECTUS NON 
77,RERUM NON LIBERO 
78,ASSUMENDA NON 
79,QUAM IPSUM AUTEM 
80,DOLOR 
81,PRAESENTIUM AB EST 
82,PORRO QUI 
83,DOLORE 
84,DOLOR IPSA 
85,NECESSITATIBUS OFFICIIS DISTINCTIO 
86,UT 
87,QUI QUIBUSDAM 
88,MOLESTIAS 
89,BLANDITIIS QUI 
90,IN ITAQUE 
91,LABORIOSAM QUO UT 
92,MAGNI 
93,CUMQUE VOLUPTATEM 
94,RATIONE 
95,MOLESTIAE 
96,VERO CONSEQUATUR EXPLICABO 
97,UT 
98,QUI QUO ET 
99,EOS VOLUPTATEM 
100,NIHIL 